{
  "trained_on": "medium",
  "total_timesteps": 200000,
  "final_reward": -3.984444444444445,
  "improvement": 1.1936666666666658,
  "learning_curve": [
    -5.178111111111111,
    -4.158666666666667,
    -3.885,
    -5.0135555555555555,
    -4.244444444444444,
    -4.017777777777778,
    -4.017777777777778,
    -3.526444444444445,
    -4.171111111111111,
    -3.984444444444445
  ],
  "final_cpu_utilization": 38.4,
  "final_kill_rate": 0.5850506915454372,
  "final_soft_action_ratio": 0.11216710652094122,
  "metrics_history": {
    "kill_rate": [
      0.4374898821178128,
      0.6380537066628943,
      0.5977567481880263,
      0.6185441501337299,
      0.5850506915454372,
      0.5850506915454372,
      0.5850506915454372,
      0.5598703644225813,
      0.5850506915454372,
      0.5850506915454372
    ],
    "cpu_utilization": [
      29.866666666666667,
      28.733333333333334,
      31.566666666666666,
      44.93333333333333,
      35.4,
      38.4,
      38.4,
      52.8,
      38.4,
      38.4
    ],
    "soft_action_ratio": [
      0.5625101178821872,
      0.25368321790547793,
      0.39887160430239516,
      0.33074741369144284,
      0.3698098421238179,
      0.32599629799680624,
      0.32599629799680624,
      0.4401296355774187,
      0.4056100291727548,
      0.11216710652094122
    ],
    "fairness_score": [
      0.8233333333333335,
      0.8611111111111112,
      0.8611111111111112,
      0.9055555555555556,
      0.8722222222222222,
      0.8722222222222222,
      0.8722222222222222,
      0.7744444444444444,
      0.8722222222222222,
      0.9055555555555556
    ],
    "sla_violations": [
      1.5666666666666667,
      1.0,
      1.1,
      1.6333333333333333,
      1.4333333333333333,
      1.4333333333333333,
      1.4333333333333333,
      1.0666666666666667,
      1.4333333333333333,
      1.4333333333333333
    ]
  }
}